title;artist;album;isrc
I Do And I Don't Care;Self Esteem;A Complicated Woman;gbum72500245
Close to You;Got a Girl;I Love You But I Must Drive Off This Cliff Now;qmwwu1200042
Cringe;Scoobert Doobert;Plague Beats, Vol. 2 - EP;
Economic Kama Sutra;Scoobert Doobert;Finding $d (Remastered);
Get Your Way;Jamie Cullum;Catching Tales;gbekz0500070
Come for Me;Shygirl;Nymph_o;
How To Be Invisible;Kate Bush;Aerial;
Something Good Can Work [Rac Remix];Two Door Cinema Club;Something Good Can Work;fru701000166
Roll the dice;Smerz;Big city life;fr59r2589032
Lucky U;TOKiMONSTA;Eternal Reverie;frido2413349
Did We Live Too Fast;Got A Girl;Did We Live Too Fast;qmwwu1200040
Moonlight;Disclosure;Moonlight [EP];gbum71805308
Orange Mistake;Luciano, Quenum;Orange Mistake/Funky Dandy;ch4480300001
Pin That Badge;Little Barrie;Stand Your Ground;gbenl0600639
Be with You;Totally Enormous Extinct Dinosaurs;When the Lights Go;qm4tx2205107
For You;TOKiMONSTA;Eternal Reverie;frido2414308
S.N.C;Darkside;Nothing;usmtd2400499
KNYMAKN;Zaid Khaled;KNYMAKN;lba0h2006067
Stoney Street;Amon Tobin;Bricolage;gbcfb9707018
Shlut;Shygirl;Nymph_o;
Feel It;TOKiMONSTA;Eternal Reverie;frido2414307
Eternal;TOKiMONSTA;Eternal Reverie;frido2414402
POP;Miso Extra;Earcandy;gbzkv2400102
Settle;6th Borough Project;One Night in the Borough;gbzhr0900060
Certified;Miso Extra;Earcandy;gbzkv2400105
Montserrat (Artbat edit);WhoMadeWho;Watergate 26 (Mixed Tracks);depx41900300
SLAU;Darkside;Nothing;usmtd2400498
Enjoy Your Life;TOKiMONSTA;Eternal Reverie;frido2414306
Bittersweet;Galactic;Ruckus;gbaje0300720
Good Kisses;Miso Extra;Earcandy;gbkzv2400103
Week-end à Rome (Yuksek Remix);Étienne Daho, Yuksek;Week-end à Rome;
Histoire d'un Soir-Souvenirs D'été;L'Impératrice;Souvenirs d'Été;fr9w11812337
You got time and I got money;Smerz;Big city life;fr59r2505163
Switch It;TOKiMONSTA;Eternal Reverie;frido2412480
Brooklyn Is Burning;Head Automatica;Decadence;uswb10400452
it could've been u;Addison Rae;AR;usat22308534
Prioritise Pleasure;Self Esteem;Prioritise Pleasure;gbum72102327
Imagine this;Smerz;Big city life;fr59r2589038
Big city life;Smerz;Big city life;fr59r2589030
Lucky You;The Lightning Seeds;Jollification;gbbbm9402001
Gud Gud Medicine;Scoobert Doobert;Finding $d (Remastered);
On Sum;TOKiMONSTA;Eternal Reverie;frido2414078
Sorry About the Carpet;Agar Agar;The Dog and the Future;frpin1800240
I Do This All the Time;Self Esteem;Prioritise Pleasure;gbum72102328
Shlut;Shygirl;Nymph;gbmvh2200480
Hypnotize U (D.B. Edit);D.B. Edit;Hypnotize U;
I'm Fine;Self Esteem;Prioritise Pleasure;gbum72102324
Feisty;Smerz;Big city life;fr59r2589034
What;Smerz;Big city life;fr59r2589033
Turn My Heart to Stone;MØ;When I Was Young;gbarl1701689
Heart of Hearts;!!!;Myth Takes;gbbpw0600147
I Love;WhoMadeWho;WhoMadeWho;deq120505841
I Wanna Dance with Somebody (Who Loves Me) - InVersions 80s;L’Impératrice;I Wanna Dance with Somebody (Who Loves Me) - InVersions 80s;fr9w12117952
Where You Taking My Baby?;BC Camplight;A Sober Conversation;gbbrp2501410
Up and Out;Tokimonsta;Oasis Nocturno;usa2p2004538
Lost When I'm Around You;Sans Soucis;Lost When I’m Around You;gbum72303687
Life;Jamie xx;In Waves;uk7mc2400157
The Deep Blue Okay;Self Esteem;A Complicated Woman;gbum72500255
Crystalised [The Neon Lights Remix];The XX;Crystalised;gbbks1000332
Big dreams;Smerz;Big city life;fr59r2589036
Ameen;Moayad Alnefaie;Belly of the Poet;usuyg1438975
Inside and Out;Feist;Let It Die;frz020302500
Rollout;Self Esteem;Compliments Please;gbum71805991
Going Through The Motions;Franc Moody;Square Pegs In Round Holes;
This New Technology (Babe Rainbow Dark & Dubby remix);Midnight Juggernauts;This New Technology;usybl0901072
Keep Møving;MØ;Plæygirl;gbarl2500052
C [Ricardo Villalobos King Crab Remix];Prins Thomas;Principe del Norte Remixed;
Seven Nation Army;Vallvete;seven nation army (slowed & reverb);
Stomp! [Single Version];The Brothers Johnson;Strawberry Letter 23: The Best of the Brothers Johnson;usam18074730
Luminous Spaces;Jon  Hopkins/Kelly Lee Owens;Luminous Spaces;gbcel1900648
Golf, They Say;The Waterboys;Life, Death and Dennis Hopper;usse62400104
Corazón/Death by Disco, Pt. 2;TOKiMONSTA;Eternal Reverie;frido2413417
But I do;Smerz;Big city life;fr59r2589031
Space Between Us;Franc Moody;Chewing the Fat;gb5em2502197
Woe;Shygirl;Nymph_o;
A thousand lies;Smerz;Big city life;fr10s2599195
I've Been Thinking;Handsome Boy Modeling School;White People;usee10413011
Bumblebae;Kajak;Bumblebae;
Mexico City (Abbey Road Lock-In Session);Sans Soucis;Mexico City;
Counting Down the Days;Miles Kane;Colour of the Trap;gbarl1100123
Two Legged Dog;BC Camplight;A Sober Conversation;gbbrp2501407
Hiding;Ben Böhmer feat. Lykke Li;Hiding;gbcfb2400392
You Stopped Dying;Pale Blue;You Stopped Dying;gb7nr1819405
Close;Smerz;Big city life;fr59r2589035
Missing (Round remix);The xx;Hivern Remixes;gbbks1300186
You Without Me;Elton John/Brandi Carlile;Who Believes in Angels?;gbum72401779
Infinity's Embrace;TOKiMONSTA;Eternal Reverie;frido2414312
Rose Rouge [Nightmares on Wax ReRub];St. Germain;Tourist;fr92s2000009
Cocaine Blues [Mama's Gonna Chop You Out Remix by Ewan Pearson];Escort;Cocaine Blues;gbcpz1019306
Hon هون;Yasmine Hamdan;Hon هون;
Warm Water (Interlude);TOKiMONSTA;Eternal Reverie;frido2414305
Corazón / Death by Disco Pt. 2 (Hercules & Love Affair Remix);Tokimonsta;Corazón / Death by Disco Pt. 2;
Beginning (Totally Enormous Extinct Dinosaurs Remix);LA Priest;Beginning (Totally Enormous Extinct Dinosaurs Remix);
Kinky Town;Crumb;Red Hot Mama (feat. Wattie Green) - EP;
Anna;Will Butler;Policy;
Backlash;6TH Borough Project;One Way or the Other;gbzhr2400414
Driving On The Wrong Side Of The Road;Franc Moody;Square Pegs In Round Holes;
